AT1G01550	locus:2025406	BPS1	BYPASS 1	2249	Chr1	199527	201775	A. thaliana	BPS1-like protein (DUF793);(source:Araport11)	Encodes a protein  with no functionally characterized domains that to prevent the synthesis of a novel substance that moves from the root to the shoot, where it modifies shoot growth by interfering with auxin signaling.  Synthesis and delivery of this substance requires neither phloem nor endodermis.	Protein of unknown function (DUF793)	BPS1
AT1G03870	locus:2024122	FLA9	FASCICLIN-like arabinoogalactan 9	1164	Chr1	982381	983544	A. thaliana	FASCICLIN-like arabinoogalactan 9;(source:Araport11)	fasciclin-like arabinogalactan-protein 9 (Fla9). Possibly involved in embryogenesis and seed development.	FASCICLIN-like arabinoogalactan 9	FLA9
AT1G08090	locus:2205190	NRT2:1	nitrate transporter 2:1	2300	Chr1	2524023	2526322	A. thaliana	nitrate transporter 2:1;(source:Araport11)	High-affinity nitrate transporter. Up-regulated by nitrate. Functions as a repressor of lateral root initiation independently of nitrate uptake.	nitrate transporter 2:1	ACH1, ATNRT2.1, ATNRT2:1, LIN1, NRT2, NRT2.1, NRT2:1, NRT2;1AT
AT1G08465	locus:2826731	YAB2	YABBY2	4012	Chr1	2675813	2679824	A. thaliana	Plant-specific transcription factor YABBY family protein;(source:Araport11)	Member of the YABBY family of Arabidopsis proteins involved in the abaxial cell fate specification in lateral organs	Plant-specific transcription factor YABBY family protein	YAB2
AT1G08510	locus:2201786	FATB	fatty acyl-ACP thioesterases B	3486	Chr1	2691062	2694547	A. thaliana	fatty acyl-ACP thioesterases B;(source:Araport11)	Encodes an acyl-acyl carrier protein thioesterase. Hydrolyzes primarily saturated acyl-ACPs with chain lengths that vary between 8 and 18 carbons. Involved in saturated fatty acid synthesis. Nuclear-encoded, plastid-targeted globular protein that is functional as dimer.	fatty acyl-ACP thioesterases B	FATB
AT1G08630	locus:2025645	THA1	threonine aldolase 1	4207	Chr1	2743761	2747967	A. thaliana	threonine aldolase 1;(source:Araport11)	Encodes a threonine aldolase, involved in threonine degradation to glycine. Primarily expressed in seeds and seedlings.	threonine aldolase 1	THA1
AT1G09070	locus:2036004	SRC2	soybean gene regulated by cold-2	1606	Chr1	2927502	2929107	A. thaliana	soybean gene regulated by cold-2;(source:Araport11)	SRC2 specifically binds the peptide PIEPPPHH, and moves from ER to a vacuole fraction where it gets internalized. Involved in Protein Storage Vacuole targeting. The mRNA is cell-to-cell mobile.	soybean gene regulated by cold-2	(AT)SRC2, AtSRC2, SRC2
AT1G09140	locus:2195346	SR30	Serine/Arginine-Rich Protein Splicing Factor 30	3439	Chr1	2942538	2945976	A. thaliana	SERINE-ARGININE PROTEIN 30;(source:Araport11)	Encodes a serine-arginine rich RNA binding protein involved in regulation of splicing (including splicing of itself). Exists as 3 alternative spliced forms that are differentially expressed. AT1G09140.1 predominantly accumulates in the cytosol in light grown plants.Barta et al (2010) have proposed a nomenclature for Serine/Arginine-Rich Protein Splicing Factors (SR proteins): Plant Cell. 2010, 22:2926.	SERINE-ARGININE PROTEIN 30	At-SR30, ATSRP30, SR30
AT1G09155	locus:505006110	PP2-B15	phloem protein 2-B15	1369	Chr1	2949621	2950989	A. thaliana	phloem protein 2-B15;(source:Araport11)	NULL	phloem protein 2-B15	AtPP2-B15, PP2-B15
AT1G10200	locus:2012798	WLIM1	WLIM1	1757	Chr1	3346383	3348139	A. thaliana	GATA type zinc finger transcription factor family protein;(source:Araport11)	Encodes a member of the Arabidopsis LIM proteins: a family of actin bundlers with distinct expression patterns.  WLIM1, WLIM2a, and WLIM2b are widely expressed, whereas PLIM2a, PLIM2b, and PLIM2c are predominantly expressed in pollen. Regulates actin cytoskeleton organization.	GATA type zinc finger transcription factor family protein	AtWLIM1, WLIM1
AT1G10550	locus:2194554	XTH33	xyloglucan:xyloglucosyl transferase 33	1976	Chr1	3479066	3481041	A. thaliana	xyloglucan:xyloglucosyl transferase 33;(source:Araport11)	Encodes a membrane-localized protein that is predicted to function during cell wall modification.Overexpression of XTH33 results in abnormal cell morphology. It's expression is under epigenetic control by ATX1.	xyloglucan:xyloglucosyl transferase 33	XET, XTH33
AT1G12950	locus:2010401	RSH2	root hair specific 2	2971	Chr1	4419714	4422684	A. thaliana	root hair specific 2;(source:Araport11)	NULL	root hair specific 2	AtDTX31, RHS2
AT1G13245	locus:504956107	RTFL17	ROTUNDIFOLIA like 17	791	Chr1	4525414	4526204	A. thaliana	ROTUNDIFOLIA like 17;(source:Araport11)	NULL	ROTUNDIFOLIA like 17	DVL4, RTFL17
AT1G14720	locus:2006857	XTH28	xyloglucan endotransglucosylase/hydrolase 28	2153	Chr1	5066525	5068677	A. thaliana	xyloglucan endotransglucosylase/hydrolase 28;(source:Araport11)	member of Glycoside Hydrolase Family 16	xyloglucan endotransglucosylase/hydrolase 28	ATXTH28, EXGT-A2, XTH28, XTR2
AT1G15110	locus:2037788	PSS1	phosphatidylserine synthase 1	3376	Chr1	5198940	5202315	A. thaliana	phosphatidyl serine synthase family protein;(source:Araport11)	PSS1 encodes a base-exchange-type Phosphatidylserine (PS) synthase. Mutant analysis revealed its role in pollen maturation.	phosphatidyl serine synthase family protein	AtPSS1, PSS1
AT1G15380	locus:2037728	GLYI4	glyoxylase I 4	2001	Chr1	5290582	5292582	A. thaliana	Lactoylglutathione lyase / glyoxalase I family protein;(source:Araport11)	Glyoxalase which affects ABA?JA crosstalk.	Lactoylglutathione lyase / glyoxalase I family protein	GLYI4
AT1G19180	locus:2202180	JAZ1	jasmonate-zim-domain protein 1	1892	Chr1	6621777	6623668	A. thaliana	jasmonate-zim-domain protein 1;(source:Araport11)	JAZ1 is a nuclear-localized protein involved in jasmonate signaling. JAZ1 transcript levels rise in response to a jasmonate stimulus. JAZ1 can interact with the COI1 F-box subunit of an SCF E3 ubiquitin ligase in a yeast-two-hybrid assay only in the presence of jasmonate-isoleucine (JA-ILE) or coronatine. Application of jasmonate methyl ester to Arabidopsis roots reduces the levels of a JAZ1:GUS fusion protein, presumably  by stimulating ubiquitin-proteasome-mediated degradation. The Jas domain appears to be important for JAZ1-COI1 interactions in the presence of coronatine. Two positive residues (R205 and R206) in the Jas domain shown to be important for coronatine -dependent COI1 binding are not required for binding AtMYC2. The mRNA is cell-to-cell mobile.	jasmonate-zim-domain protein 1	AtJAZ1, JAZ1, TIFY10A
AT1G19920	locus:2035395	APS2	""	2306	Chr1	6914518	6916823	A. thaliana	Pseudouridine synthase/archaeosine transglycosylase-like family protein;(source:Araport11)	encodes a chloroplast form of ATP sulfurylase.	Pseudouridine synthase/archaeosine transglycosylase-like family protein	APS2, ASA1, ATPS2
AT1G22020	locus:2030581	SHM6	serine hydroxymethyltransferase 6	3749	Chr1	7754281	7758029	A. thaliana	serine hydroxymethyltransferase 6;(source:Araport11)	Encodes a putative serine hydroxymethyltransferase.	serine hydroxymethyltransferase 6	SHM6
AT1G23080	locus:2201225	PIN7	PIN-FORMED 7	3462	Chr1	8180189	8183650	A. thaliana	Auxin efflux carrier family protein;(source:Araport11)	Encodes a novel component of auxin efflux that is located  apically in the basal cell and is involved during embryogenesis in setting up the apical-basal axis in the embryo.  It is also involved in pattern specification during root development.  In roots, it is expressed at lateral and basal membranes of provascular cells in the meristem and elongation zone, whereas in the columella cells it coincides with the PIN3 domain. Plasma membrane-localized PIN proteins mediate a saturable efflux of auxin. PINs mediate auxin efflux from mammalian and yeast cells without needing additional plant-specific factors. The action of PINs in auxin efflux is distinct from PGPs, rate-limiting, specific  to auxins and sensitive to auxin transport inhibitors. PINs are directly involved of in catalyzing  cellular auxin efflux.	Auxin efflux carrier family protein	ATPIN7, PIN7
AT1G24100	locus:2032387	UGT74B1	UDP-glucosyl transferase 74B1	1754	Chr1	8525334	8527087	A. thaliana	UDP-glucosyl transferase 74B1;(source:Araport11)	Encodes a UDP-glucose:thiohydroximate S-glucosyltransferase, involved in glucosinolate biosynthesis	UDP-glucosyl transferase 74B1	UGT74B1
AT1G25220	locus:2033025	ASB1	anthranilate synthase beta subunit 1	2775	Chr1	8836835	8839609	A. thaliana	anthranilate synthase beta subunit 1;(source:Araport11)	Catalyzes the first step of tryptophan biosynthesis: Chorismate L-Glutamine = Anthranilate Pyruvate L-Glutamate. Functions as a heterocomplex with anthranilate synthase alpha subunit (ASA1 or ASA2).	anthranilate synthase beta subunit 1	ASB1, TRP4, WEI7
AT1G29640	locus:2013638	AT1G29640	""	845	Chr1	10355638	10356482	A. thaliana	senescence regulator (Protein of unknown function, DUF584);(source:Araport11)	NULL	Protein of unknown function, DUF584	""
AT1G32170	locus:2031750	XTH30	xyloglucan endotransglucosylase/hydrolase 30	2711	Chr1	11575320	11578030	A. thaliana	xyloglucan endotransglucosylase/hydrolase 30;(source:Araport11)	xyloglucan endotransglycosylase-related protein (XTR4) The mRNA is cell-to-cell mobile.	xyloglucan endotransglucosylase/hydrolase 30	XTH30, XTR4
AT1G36370	locus:2035937	SHM7	serine hydroxymethyltransferase 7	2698	Chr1	13696042	13698739	A. thaliana	serine hydroxymethyltransferase 7;(source:Araport11)	Encodes a nuclear localised protein MSA1 (MORE SULPHUR ACCUMULATION1). Epigenetically regulates sulphur homeostasis. Has sequence similarity to SHM (serine hydroxymethyltransferase) but lacks SHM activity in vitro.	serine hydroxymethyltransferase 7	MSA1, SHM7
AT1G42540	locus:2206095	GLR3.3	glutamate receptor 3.3	3760	Chr1	15973054	15976813	A. thaliana	glutamate receptor 3.3;(source:Araport11)	member of Putative ligand-gated ion channel subunit family	glutamate receptor 3.3	ATGLR3.3, GLR3.3
AT1G44170	locus:2205851	ALDH3H1	aldehyde dehydrogenase 3H1	3922	Chr1	16796400	16800321	A. thaliana	aldehyde dehydrogenase 3H1;(source:Araport11)	Encodes an aldehyde dehydrogenase induced by ABA and dehydration that can oxidize saturated aliphatic aldehydes. It is also able to oxidize beta-unsaturated aldehydes, but not aromatic aldehydes. Activity of ALDH3H1 is NAD +-dependent.	aldehyde dehydrogenase 3H1	ALDH3H1, ALDH4
AT1G63930	locus:2195513	ROH1	from the Czech 'roh' meaning 'corner'	1610	Chr1	23727794	23729403	A. thaliana	from the Czech roh meaning corner;(source:Araport11)	EXO70 interactor and presumed negative secretion regulator.	from the Czech 'roh' meaning 'corner'	ROH1, ROH1A
AT1G64230	locus:2024643	UBC28	ubiquitin-conjugating enzyme 28	2055	Chr1	23833485	23835539	A. thaliana	ubiquitin-conjugating enzyme 28;(source:Araport11)	NULL	ubiquitin-conjugating enzyme 28	UBC28
AT1G64640	locus:2019414	ENODL8	early nodulin-like protein 8	1140	Chr1	24022285	24023424	A. thaliana	early nodulin-like protein 8;(source:Araport11)	NULL	early nodulin-like protein 8	AtENODL8, ENODL8
AT1G64660	locus:2019449	MGL	methionine gamma-lyase	1951	Chr1	24028830	24030780	A. thaliana	methionine gamma-lyase;(source:Araport11)	Encodes a functional methionine gamma-lyase, a cytosolic enzyme catalyzes the degradation of methionine into methanethiol, alpha-ketobutyrate and ammonia. The catabolism of excess methionine is important to methionine homeostasis. The mRNA is cell-to-cell mobile.	methionine gamma-lyase	ATMGL, MGL
AT1G64900	locus:2010781	CYP89A2	cytochrome P450, family 89, subfamily A, polypeptide 2	1876	Chr1	24113109	24114984	A. thaliana	cytochrome P450, family 89, subfamily A, polypeptide 2;(source:Araport11)	Encodes cytochrome P450 (CYP89A2). The mRNA is cell-to-cell mobile.	cytochrome P450, family 89, subfamily A, polypeptide 2	CYP89, CYP89A2
AT1G66150	locus:2013825	TMK1	transmembrane kinase 1	3444	Chr1	24631338	24634781	A. thaliana	transmembrane kinase 1;(source:Araport11)	Receptor-like transmembrane kinase I (TMK1); key regulator in auxin signaling. High auxin and TMK1 play essential and positive roles in ABA signaling through regulating ABA INSENSITIVE 1 and 2 (ABI1/2). Inhibits the phosphatase activity of ABI2 by direct phosphorylation of threonine 321 (T321), a conserved phosphorylation site in ABI2 proteins, whose phosphorylation  status is important for both auxin and ABA responses.	transmembrane kinase 1	TMK1
AT1G67290	locus:2019564	GLOX1	glyoxal oxidase 1	2320	Chr1	25190921	25193240	A. thaliana	glyoxal oxidase-related protein;(source:Araport11)	Galactose oxydase; may function in tissues that require mechanical reinforcements in the absence of lignification.	glyoxal oxidase-related protein	GLOX1, GOXL1
AT1G68090	locus:2200281	ANN5	annexin 5	1591	Chr1	25519305	25520895	A. thaliana	annexin 5;(source:Araport11)	Encodes a calcium-binding protein annexin (AnnAt5). Plays a vital role in pollen development via Ca2+ dependent membrane trafficking.	annexin 5	ANN5, ANNAT5
AT1G69500	locus:2007181	CYP704B1	cytochrome P450, family 704, subfamily B, polypeptide 1	2118	Chr1	26123940	26126057	A. thaliana	cytochrome P450, family 704, subfamily B, polypeptide 1;(source:Araport11)	Encodes a cytochrome P450, designated CYP704B1. Expressed in the developing anthers.  Essential for pollen exine development. Mutations in CYP704B1 result in impaired pollen walls that lack a normal exine layer and exhibit a characteristic striped surface, termed zebra phenotype. Heterologous expression of CYP704B1 in yeast cells demonstrated that it catalyzes omega-hydroxylation of long-chain fatty acids, implicating these molecules in sporopollenin synthesis.	cytochrome P450, family 704, subfamily B, polypeptide 1	CYP704B1
AT1G70810	locus:2014020	AT1G70810	""	1395	Chr1	26703966	26705360	A. thaliana	Calcium-dependent lipid-binding (CaLB domain) family protein;(source:Araport11)	NULL	Calcium-dependent lipid-binding (CaLB domain) family protein	CAR7
AT1G70940	locus:2013975	PIN3	PIN-FORMED 3	3530	Chr1	26742940	26746469	A. thaliana	Auxin efflux carrier family protein;(source:Araport11)	A regulator of auxin efflux and involved in differential growth. PIN3 is expressed in gravity-sensing tissues, with PIN3 protein accumulating predominantly at the lateral cell surface. PIN3 localizes to the plasma membrane and to vesicles. In roots, PIN3 is expressed without pronounced polarity in tiers two and three of the columella cells, at the basal side of vascular cells, and to the lateral side of pericycle cells of the elongation zone. PIN3 overexpression inhibits root cell growth. Protein phosphorylation plays a role in regulating PIN3 trafficking to  the plasma membrane. The mRNA is cell-to-cell mobile.	Auxin efflux carrier family protein	ATPIN3, PIN3
AT1G72160	locus:2207016	AT1G72160	""	2239	Chr1	27153555	27155793	A. thaliana	Sec14p-like phosphatidylinositol transfer family protein;(source:Araport11)	NULL	Sec14p-like phosphatidylinositol transfer family protein	PATL3
AT1G75390	locus:2018411	bZIP44	basic leucine-zipper 44	1311	Chr1	28291698	28293008	A. thaliana	basic leucine-zipper 44;(source:Araport11)	NULL	basic leucine-zipper 44	AtbZIP44, bZIP44
AT1G76180	locus:2199757	ERD14	EARLY RESPONSE TO DEHYDRATION 14	1269	Chr1	28586663	28587931	A. thaliana	Dehydrin family protein;(source:Araport11)	Encodes a dehydrin protein whose expression is induced early on in response to dehydration stress. This gene's expression to cold occurs in two waves, with early induction occurring within 1 h and secondary induction occurring 5 h after the beginning of cold stress.  Expression is also induced in response to ABA but not in response to 2,4-D, BA, and GA3.  ERD14 protein is capable of binding Ca2+, especially when the protein is phosphorylated.	Dehydrin family protein	ERD14
AT1G78140	locus:2194759	AT1G78140	""	2267	Chr1	29401759	29404025	A. thaliana	S-adenosyl-L-methionine-dependent methyltransferases superfamily protein;(source:Araport11)	NULL	S-adenosyl-L-methionine-dependent methyltransferases superfamily protein	""
AT1G79600	locus:2019838	AT1G79600	""	2817	Chr1	29949910	29952726	A. thaliana	Protein kinase superfamily protein;(source:Araport11)	Encodes a chloroplast ABC1-like kinase that regulates vitamin E metabolism.	Protein kinase superfamily protein	ABC1K3
AT2G01420	locus:2038781	PIN4	PIN-FORMED 4	3732	Chr2	180033	183764	A. thaliana	Auxin efflux carrier family protein;(source:Araport11)	Encodes a putative auxin efflux carrier that is localized in developing and mature root meristems.  It is involved in the maintenance of embryonic auxin gradients.  A role for AtPIN4 in generating a sink for auxin below the quiescent center of the root meristem that is essential for auxin distribution and patterning is proposed. In the root, PIN4 is detected around the quiescent center and cells surrounding it, and localizes basally in provascular cells. PIN4 expression is upregulated in brassinosteroid-insensitive mutant (PMID 16141452).	Auxin efflux carrier family protein	ATPIN4, PIN4
AT2G01670	locus:2065440	NUDT17	nudix hydrolase homolog 17	1851	Chr2	296365	298215	A. thaliana	nudix hydrolase homolog 17;(source:Araport11)	NULL	nudix hydrolase homolog 17	atnudt17, NUDT17
AT2G03590	locus:2044214	UPS1	ureide permease 1	2275	Chr2	1094702	1096976	A. thaliana	ureide permease 1;(source:Araport11)	Encodes a member of a class of allantoin transporters.	ureide permease 1	ATUPS1, UPS1
AT2G07050	locus:2060121	CAS1	cycloartenol synthase 1	6392	Chr2	2924360	2930751	A. thaliana	cycloartenol synthase 1;(source:Araport11)	Involved in the biosynthesis of brassinosteroids. Catalyzes the reaction from epoxysqualene to cycloartenol.	cycloartenol synthase 1	CAS1
AT2G14960	locus:2060500	GH3.1	""	2479	Chr2	6451319	6453797	A. thaliana	Auxin-responsive GH3 family protein;(source:Araport11)	encodes a protein similar to IAA-amido synthases. Lines carrying an insertion in this gene are hypersensitive to auxin.	Auxin-responsive GH3 family protein	GH3.1
AT2G15620	locus:2053654	NIR1	nitrite reductase 1	2547	Chr2	6810395	6812941	A. thaliana	nitrite reductase 1;(source:Araport11)	Involved in the second step of nitrate assimilation.  Its expression is induced by nitrate. The mRNA is cell-to-cell mobile.	nitrite reductase 1	ATHNIR, NIR, NIR1
AT2G16120	locus:2052956	PMT1	polyol/monosaccharide transporter 1	1715	Chr2	6996727	6998441	A. thaliana	polyol/monosaccharide transporter 1;(source:Araport11)	NULL	polyol/monosaccharide transporter 1	ATPMT1, PMT1
AT2G22500	locus:2041183	UCP5	uncoupling protein 5	2077	Chr2	9562774	9564850	A. thaliana	uncoupling protein 5;(source:Araport11)	Encodes one of the mitochondrial dicarboxylate carriers (DIC): DIC1 (AT2G22500), DIC2 (AT4G24570), DIC3 (AT5G09470).	uncoupling protein 5	ATPUMP5, DIC1, UCP5
AT2G23090	locus:2045359	AT2G23090	""	985	Chr2	9829450	9830434	A. thaliana	Uncharacterized protein family SERF;(source:Araport11)	NULL	Uncharacterised protein family SERF	""
AT2G25110	locus:2040199	SDF2	stromal cell-derived factor 2-like protein precursor	2230	Chr2	10684118	10686347	A. thaliana	stromal cell-derived factor 2-like protein precursor;(source:Araport11)	Encodes an endoplasmic reticulum protein SDF2 (stromal-derived factor-2).  Forms a complex SDF2-ERdj3B-BiP that is required for the proper accumulation of the surface-exposed leucine-rich repeat receptor kinases EFR.  EFR is involved in PAMP (pathogen associated molecular patterns) triggered immunity.	stromal cell-derived factor 2-like protein precursor	AtSDF2, ATSDL, SDF2
AT2G25930	locus:2043520	ELF3	EARLY FLOWERING 3	4381	Chr2	11058944	11063324	A. thaliana	hydroxyproline-rich glycoprotein family protein;(source:Araport11)	Encodes a nuclear protein that is expressed rhythmically and interacts with phytochrome B to control plant development and flowering through a signal transduction pathway. Required component of the core circadian clock regardless of light conditions.	hydroxyproline-rich glycoprotein family protein	ELF3, PYK20
AT2G28200	locus:2046153	AT2G28200	""	1431	Chr2	12023940	12025370	A. thaliana	C2H2-type zinc finger family protein;(source:Araport11)	NULL	C2H2-type zinc finger family protein	""
AT2G29150	locus:2043037	AT2G29150	""	1250	Chr2	12535715	12536964	A. thaliana	NAD(P)-binding Rossmann-fold superfamily protein;(source:Araport11)	NULL	NAD(P)-binding Rossmann-fold superfamily protein	""
AT2G34770	locus:2061564	FAH1	fatty acid hydroxylase 1	2584	Chr2	14665667	14668250	A. thaliana	fatty acid hydroxylase 1;(source:Araport11)	encodes a fatty acid hydroxylase, required for the AtBI-1-mediated suppression of programmed cell death.	fatty acid hydroxylase 1	ATFAH1, FAH1
AT2G35940	locus:2039250	BLH1	BEL1-like homeodomain 1	3654	Chr2	15088762	15092415	A. thaliana	BEL1-like homeodomain 1;(source:Araport11)	Encodes a member of the BEL-like homeodomain protein family. Ecotopic expression in the embryo sac leads to defects in nuclear migration and cellularization and embryo sacs with multiple egg cells. Loss of function alleles have no female gametophyte defects. The ecotopic expression phenotype requires KNAT3 because it can be suppressed by loss of KNAT3 function alleles.  Localized to the nucleus but interaction with OFP1 relocates it to the cytoplasm.	BEL1-like homeodomain 1	BLH1, EDA29
AT2G36320	locus:2049505	AT2G36320	""	1950	Chr2	15228714	15230663	A. thaliana	A20/AN1-like zinc finger family protein;(source:Araport11)	NULL	A20/AN1-like zinc finger family protein	""
AT2G36830	locus:2057906	GAMMA-TIP	gamma tonoplast intrinsic protein	1328	Chr2	15445294	15446621	A. thaliana	gamma tonoplast intrinsic protein;(source:Araport11)	Encodes a tonoplast intrinsic protein, which functions as water channel. It has also been shown to be able to facilitate the transport of urea and hydrogen peroxide. Highly expressed in vascular tissues of the root, stem, cauline leaves and flowers but not in the apical meristems. The mRNA is cell-to-cell mobile.	gamma tonoplast intrinsic protein	GAMMA-TIP, GAMMA-TIP1, TIP1;1
AT2G43020	locus:2053723	PAO2	polyamine oxidase 2	3133	Chr2	17891503	17894635	A. thaliana	polyamine oxidase 2;(source:Araport11)	Encodes a polyamine oxidase.	polyamine oxidase 2	ATPAO2, PAO2
AT3G01120	locus:2102072	MTO1	METHIONINE OVERACCUMULATION 1	3401	Chr3	38759	42159	A. thaliana	Pyridoxal phosphate (PLP)-dependent transferases superfamily protein;(source:Araport11)	encodes a cystathionine gamma-synthase, which performs the first committed step in methionine biosynthesis. A conserved motif of 13 amino acids in the first exon is required for posttranscriptional autoregulation. This enzyme shares the same substrate as threonine synthase (TS) and its absence transcriptionally affects 8 genes in the genome.	Pyridoxal phosphate (PLP)-dependent transferases superfamily protein	AtCGS1, AtCYS1, CGS, CGS1, MTO1
AT3G01220	locus:2102107	HB20	homeobox protein 20	2233	Chr3	73307	75539	A. thaliana	homeobox protein 20;(source:Araport11)	Encodes a homeodomain leucine zipper class I (HD-Zip I) protein.  Expressed during seed germination in the micropylar endosperm and in the root cap, and increases ABA sensitivity and seed dormancy when mutated. The mRNA is cell-to-cell mobile.	homeobox protein 20	ATHB20, HB20
AT3G03470	locus:2099714	CYP89A9	cytochrome P450, family 87, subfamily A, polypeptide 9	2034	Chr3	824552	826585	A. thaliana	cytochrome P450, family 87, subfamily A, polypeptide 9;(source:Araport11)	P450 monooxygenase CYP89A9. Involved in NDCC accumulation during Arabidopsis leaf senescence.	cytochrome P450, family 87, subfamily A, polypeptide 9	CYP89A9
AT3G05610	locus:2078057	AT3G05610	""	2648	Chr3	1625528	1628175	A. thaliana	Plant invertase/pectin methylesterase inhibitor superfamily;(source:Araport11)	NULL	Plant invertase/pectin methylesterase inhibitor superfamily	""
AT3G05970	locus:2083013	LACS6	long-chain acyl-CoA synthetase 6	5609	Chr3	1786279	1791887	A. thaliana	long-chain acyl-CoA synthetase 6;(source:Araport11)	encode peroxisomal long-chain acyl-CoA synthetase (LACS) isozymes	long-chain acyl-CoA synthetase 6	ATLACS6, LACS6
AT3G06130	locus:2082425	AT3G06130	""	2390	Chr3	1852808	1855197	A. thaliana	Heavy metal transport/detoxification superfamily protein;(source:Araport11)	NULL	Heavy metal transport/detoxification superfamily protein 	AtHMP25
AT3G08860	locus:2097623	PYD4	PYRIMIDINE 4	3222	Chr3	2696199	2699420	A. thaliana	PYRIMIDINE 4;(source:Araport11)	Encodes a protein that is predicted to have beta-alanine aminotransferase activity.	PYRIMIDINE 4	PYD4
AT3G10330	locus:2076259	AT3G10330	""	2255	Chr3	3199712	3201966	A. thaliana	Cyclin-like family protein;(source:Araport11)	NULL	Cyclin-like family protein	AtTFIIB2, TFIIB2
AT3G15040	locus:2086375	AT3G15040	""	2042	Chr3	5064704	5066745	A. thaliana	senescence regulator (Protein of unknown function, DUF584);(source:Araport11)	NULL	Protein of unknown function, DUF584	""
AT3G16150	locus:2093387	ASPGB1	asparaginase B1	1626	Chr3	5471735	5473360	A. thaliana	N-terminal nucleophile aminohydrolases (Ntn hydrolases) superfamily protein;(source:Araport11)	Encodes an asparaginase that catalyzes the degradation of L-asparagine to L-aspartic acid and ammonia. The mRNA is cell-to-cell mobile.	N-terminal nucleophile aminohydrolases (Ntn hydrolases) superfamily protein	ASPGB1
AT3G18040	locus:2092717	MPK9	MAP kinase 9	4296	Chr3	6174239	6178534	A. thaliana	MAP kinase 9;(source:Araport11)	Encodes a protein with similarity to MAP kinases (MAPK9).Expressed preferentially in guard cells and appears to be involved in reactive oxygen species mediated ABA signaling.	MAP kinase 9	MPK9
AT3G18830	locus:2094034	PMT5	polyol/monosaccharide transporter 5	2587	Chr3	6488843	6491429	A. thaliana	polyol/monosaccharide transporter 5;(source:Araport11)	This gene encodes a plasma membrane-localized polyol/cyclitol/monosaccharide-H+-symporter. The symporter is able to catalyze the energy-dependent membrane passage of a wide range of linear polyols (three to six carbon backbone), of cyclic polyols (<i>myo</i>-inositol), and of numerous monosaccharides, including pyranose ring-forming and furanose ring-forming hexoses and pentoses. This gene belongs to a monosaccharide transporter-like (MST-like) superfamily.	polyol/monosaccharide transporter 5	ATPLT5, ATPMT5, PMT5
AT3G20770	locus:2091906	EIN3	ETHYLENE-INSENSITIVE3	2956	Chr3	7260429	7263384	A. thaliana	Ethylene insensitive 3 family protein;(source:Araport11)	Encodes EIN3 (ethylene-insensitive3), a nuclear transcription factor that initiates downstream transcriptional cascades for ethylene responses. EIN3 interacts with MYC2, MYC3 and MYC4 to inhibit jasmonate-induced expression of wound-responsive genes and herbivory-inducible genes, and plant defense against generalist herbivores.	Ethylene insensitive 3 family protein	AtEIN3, EIN3
AT3G21180	locus:2094726	ACA9	autoinhibited Ca(2 )-ATPase 9	6890	Chr3	7425476	7432365	A. thaliana	autoinhibited Ca(2+)-ATPase 9;(source:Araport11)	one of the type IIB calcium pump isoforms. encodes an autoinhibited Ca(2+)-ATPase that contains an N-terminal calmodulin binding autoinhibitory domain.	autoinhibited Ca(2+)-ATPase 9	ACA9, ATACA9
AT3G23920	locus:2076086	BAM1	beta-amylase 1	3269	Chr3	8641181	8644449	A. thaliana	beta-amylase 1;(source:Araport11)	Encodes a chloroplast beta-amylase. Is necessary for leaf starch breakdown in the absence of BAM3.Activity of BAM1 increases 4 days after osmotic stress. BAM1 has a higher temperature optimum than BAM3 (PMID:25293962).	beta-amylase 1	AtBAM1, BAM1, BMY7, TR-BAMY
AT3G25690	locus:2102385	CHUP1	CHLOROPLAST UNUSUAL POSITIONING 1	5510	Chr3	9352444	9357953	A. thaliana	Hydroxyproline-rich glycoprotein family protein;(source:Araport11)	actin binding protein required for normal chloroplast positioning The mRNA is cell-to-cell mobile.	Hydroxyproline-rich glycoprotein family protein	AtCHUP1, CHUP1
AT3G26300	locus:2079251	CYP71B34	cytochrome P450, family 71, subfamily B, polypeptide 34	1965	Chr3	9638954	9640918	A. thaliana	cytochrome P450, family 71, subfamily B, polypeptide 34;(source:Araport11)	putative cytochrome P450	cytochrome P450, family 71, subfamily B, polypeptide 34	CYP71B34
AT3G28917	locus:1006230234	MIF2	mini zinc finger 2	1106	Chr3	10924708	10925813	A. thaliana	mini zinc finger 2;(source:Araport11)	NULL	mini zinc finger 2	MIF2
AT3G30390	locus:2102926	AT3G30390	""	2810	Chr3	11976837	11979646	A. thaliana	Transmembrane amino acid transporter family protein;(source:Araport11)	Encodes a putative amino acid transporter.	Transmembrane amino acid transporter family protein	""
AT3G49430	locus:2114643	SR34a	Serine/Arginine-Rich Protein Splicing Factor 34a	3646	Chr3	18331509	18335154	A. thaliana	SER/ARG-rich protein 34A;(source:Araport11)	Barta et al (2010) have proposed a nomenclature for Serine/Arginine-Rich Protein Splicing Factors (SR proteins): Plant Cell. 2010, 22:2926.	SER/ARG-rich protein 34A	At-SR34a, SR34a, SRp34a
AT3G50770	locus:2078017	CML41	calmodulin-like 41	926	Chr3	18873911	18874836	A. thaliana	calmodulin-like 41;(source:Araport11)	NULL	calmodulin-like 41	CML41
AT3G51550	locus:2081895	FER	FERONIA	3366	Chr3	19117584	19120949	A. thaliana	Malectin/receptor-like protein kinase family protein;(source:Araport11)	Encodes a synergid-expressed, plasma-membrane localized receptor-like kinase that accumulates asymetrically in the synergid membrnane at the filiform apparatus and mediates male-female gametophyte interactions during pollen tube reception.  Also involved in powdery mildew infection. Mutants show faster root elongation under dim light, the protein is required for intracellular accumulation of AHA2 under dim-light growth conditions. Positively regulates flowering by modulating the transcript accumulation and mRNA alternative splicing of certain flowering-related genes, including FLOWERING LOCUS C (FLC) and its homolog MADS AFFECTING FLOWERING (MAF). However, the RALF1 ligand negatively regulates flowering compared with FER.	Malectin/receptor-like protein kinase family protein	FER
AT3G51860	locus:2074348	CAX3	cation exchanger 3	3609	Chr3	19239305	19242913	A. thaliana	cation exchanger 3;(source:Araport11)	NULL	cation exchanger 3	ATCAX3, ATHCX1, CAX1-LIKE, CAX3
AT3G51895	locus:3437527	SULTR3;1	sulfate transporter 3;1	4636	Chr3	19251287	19255922	A. thaliana	sulfate transporter 3;(source:Araport11)	Encodes a chloroplast-localized sulfate transporter.	sulfate transporter 3;1	AST12, SULTR3;1
AT3G54500	locus:2096981	AT3G54500	""	3701	Chr3	20175370	20179070	A. thaliana	agglutinin-like protein;(source:Araport11)	Member of a small family (4 proteins) in Arabidopsis that have some overlap in function. LNK2 along with LNK1  functions in the integration of light signaling and circadian clock. It is regulated by  the clock TOC1 complex. Functions as a transcriptional coactivator.	NULL	LNK2
AT3G57770	locus:2076616	AT3G57770	""	1382	Chr3	21397542	21398923	A. thaliana	Protein kinase superfamily protein;(source:Araport11)	NULL	Protein kinase superfamily protein	ZRK7
AT3G58680	locus:2098994	MBF1B	multiprotein bridging factor 1B	1726	Chr3	21707247	21708972	A. thaliana	multiprotein bridging factor 1B;(source:Araport11)	One of three genes in A. thaliana encoding multiprotein bridging factor 1, a highly conserved transcriptional coactivator. May serve as a bridging factor between a bZIP factor and TBP.  Its expression is developmentally regulated. The mRNA is cell-to-cell mobile.	multiprotein bridging factor 1B	ATMBF1B, MBF1B
AT3G59050	locus:2077670	PAO3	polyamine oxidase 3	2814	Chr3	21824696	21827509	A. thaliana	polyamine oxidase 3;(source:Araport11)	Encodes a polyamine oxidase.	polyamine oxidase 3	ATPAO3, PAO3
AT3G61600	locus:2082827	POB1	POZ/BTB containin G-protein 1	2903	Chr3	22795422	22798324	A. thaliana	POZ/BTB containin G-protein 1;(source:Araport11)	POZ/BTB containing-protein AtPOB1. Involvement in protein ubiquitylation is predicted based on physical interaction with CULLIN 3 proteins. The mRNA is cell-to-cell mobile.	POZ/BTB containin G-protein 1	AHT1, ATPOB1, LRB2, POB1
AT4G02380	locus:2133279	SAG21	senescence-associated gene 21	1064	Chr4	1046042	1047105	A. thaliana	senescence-associated gene 21;(source:Araport11)	Encodes AtLEA5 (late embryogenesis abundant like protein).  Also known as SENESCENCE-ASSOCIATED GENE 21 (SAG21).  Has a role on oxidative stress tolerance. mRNA levels are elevated in response to various stresses.	senescence-associated gene 21	AtLEA5, LEA38, SAG21
AT4G02430	locus:2133249	SR34b	Serine/Arginine-Rich Protein Splicing Factor 34b	3290	Chr4	1068974	1072263	A. thaliana	RNA-binding (RRM/RBD/RNP motifs) family protein;(source:Araport11)	Barta et al (2010) have proposed a nomenclature for Serine/Arginine-Rich Protein Splicing Factors (SR proteins): Plant Cell. 2010, 22:2926.	RNA-binding (RRM/RBD/RNP motifs) family protein	At-SR34b, SR34b
AT4G05050	locus:2138386	UBQ11	ubiquitin 11	1434	Chr4	2588004	2589437	A. thaliana	ubiquitin 11;(source:Araport11)	polyubiquitin gene, belongs to a subtype group with UBQ10 and UBQ14.  Various ecotypes of Arabidopsis have different numbers of ubiquitin repeats within this gene.	ubiquitin 11	UBQ11
AT4G08350	locus:2137415	GTA2	global transcription factor group A2	6113	Chr4	5286158	5292270	A. thaliana	global transcription factor group A2;(source:Araport11)	NULL	global transcription factor group A2	GTA02, GTA2, SPT5-2
AT4G12430	locus:2135540	TPPF	trehalose-6-phosphate phosphatase F	3474	Chr4	7365257	7368730	A. thaliana	Haloacid dehalogenase-like hydrolase (HAD) superfamily protein;(source:Araport11)	NULL	Haloacid dehalogenase-like hydrolase (HAD) superfamily protein	TPPF
AT4G13250	locus:2119330	NYC1	NON-YELLOW COLORING 1	2851	Chr4	7684156	7687006	A. thaliana	NAD(P)-binding Rossmann-fold superfamily protein;(source:Araport11)	Encodes a chlorophyll b reductase involved in the degradation of chlorophyll b and LHCII (light harvesting complex II).	NAD(P)-binding Rossmann-fold superfamily protein	NYC1
AT4G14130	locus:2129445	XTH15	xyloglucan endotransglucosylase/hydrolase 15	1373	Chr4	8137020	8138392	A. thaliana	xyloglucan endotransglucosylase/hydrolase 15;(source:Araport11)	xyloglucan endotransglycosylase-related protein (XTR7)	xyloglucan endotransglucosylase/hydrolase 15	XTH15, XTR7
AT4G14540	locus:2129885	NF-YB3	nuclear factor Y, subunit B3	976	Chr4	8344349	8345324	A. thaliana	nuclear factor Y, subunit B3;(source:Araport11)	NULL	nuclear factor Y, subunit B3	NF-YB3
AT4G15250	locus:2129860	BBX9	B-box domain protein 9	1760	Chr4	8709767	8711526	A. thaliana	B-box type zinc finger protein with CCT domain-containing protein;(source:Araport11)	NULL	B-box type zinc finger protein with CCT domain	BBX9
AT4G15920	locus:2129800	SWEET17	""	3163	Chr4	9030486	9033648	A. thaliana	Nodulin MtN3 family protein;(source:Araport11)	Encodes a vacuolar fructose transporter expressed in parenchyma and xylem that controls leaf fructose content. When its expression is reduced, fructose accumulates in leaves.	Nodulin MtN3 family protein	AtSWEET17, SWEET17
AT4G18710	locus:2124082	BIN2	BRASSINOSTEROID-INSENSITIVE 2	5091	Chr4	10296138	10301228	A. thaliana	Protein kinase superfamily protein;(source:Araport11)	Encodes BIN2, a member of the ATSK (shaggy-like kinase) family. BIN2 functions in the cross-talk between auxin and brassinosteroid signaling pathways. BIN2 regulates root epidermal cell fate specification by phosphorylating EGL3 and TTG1. BIN2-mediated phosphorylation appears to promote BZR1 export from the nucleus.  KIB1 interacts with BIN2 blocking its interaction with substrates and promotes BIN2 degradation.	Protein kinase superfamily protein	ATSK21, BIN2, DWF12, SK21, UCU1
AT4G18990	locus:2117189	XTH29	xyloglucan endotransglucosylase/hydrolase 29	2617	Chr4	10401777	10404393	A. thaliana	xyloglucan endotransglucosylase/hydrolase 29;(source:Araport11)	NULL	xyloglucan endotransglucosylase/hydrolase 29	XTH29
AT4G19010	locus:2117209	AT4G19010	""	2859	Chr4	10411466	10414324	A. thaliana	AMP-dependent synthetase and ligase family protein;(source:Araport11)	Encodes for a 4-coumarate-CoA ligase involved in the biosynthesis of the benzenoid ring of ubiquinone from phenylalanine.	AMP-dependent synthetase and ligase family protein	""
AT4G19170	locus:2134796	NCED4	nine-cis-epoxycarotenoid dioxygenase 4	2261	Chr4	10481619	10483879	A. thaliana	nine-cis-epoxycarotenoid dioxygenase 4;(source:Araport11)	Encodes a chloroplast-targeted member of a family of enzymes similar to nine-cis-epoxycarotenoid dioxygenase that acts as a major regulator of carotenoid degradation during dark-induced leaf senescence.. The mRNA is cell-to-cell mobile.	nine-cis-epoxycarotenoid dioxygenase 4	CCD4, NCED4
AT4G22260	locus:2005514	IM	IMMUTANS	2932	Chr4	11769668	11772599	A. thaliana	Alternative oxidase family protein;(source:Araport11)	Similar to mitochondrial alternative oxidase.  im mutants have a variegated phenotype and fail to differentiate chloroplasts in the majority of their cells under high light intensity continuous illumination. The white tissues of immutans accumulate phytoene, a non-colored C40 carotenoid intermediate. This suggests that immutans controls, either directly or indirectly, the activity of phytoene desaturase (PDS), the enzyme that converts phytoene to zeta-carotene in higher plants. However, im is not the structural gene for PDS. It is located in the lumenar face of the thylakoid membrane. IM is expressed ubiquitously in plant tissues.	Alternative oxidase family protein	IM, IM1, PTOX
AT4G22590	locus:2127510	TPPG	trehalose-6-phosphate phosphatase G	2982	Chr4	11893499	11896480	A. thaliana	Haloacid dehalogenase-like hydrolase (HAD) superfamily protein;(source:Araport11)	NULL	Haloacid dehalogenase-like hydrolase (HAD) superfamily protein	TPPG
AT4G22890	locus:2127233	PGR5-LIKE A	""	2551	Chr4	12006986	12009536	A. thaliana	PGR5-LIKE A;(source:Araport11)	Encodes PGRL1A, a transmembrane protein present in thylakoids.  PGRL1A has a highly homologous isoform PGRL1B encoded by At4g11960. Plants lacking PGRL1 show perturbation of cyclic electron flow, similar to PGR5-deficient plants. PGRL1 and PGR5 interact physically and associate with PSI (photosystem I). The mRNA is cell-to-cell mobile.	PGR5-LIKE A	PGR5-LIKE A
AT4G25810	locus:2117567	XTR6	xyloglucan endotransglycosylase 6	1534	Chr4	13128394	13129927	A. thaliana	xyloglucan endotransglycosylase 6;(source:Araport11)	xyloglucan endotransglycosylase-related protein (XTR6)	xyloglucan endotransglycosylase 6	XTH23, XTR6
AT4G26160	locus:2120860	ACHT1	atypical CYS  HIS rich thioredoxin 1	1629	Chr4	13255251	13256879	A. thaliana	atypical CYS HIS rich thioredoxin 1;(source:Araport11)	Encodes a member of the thioredoxin family protein.  Located in the chloroplast.  Shows high activity towards the chloroplast 2-Cys peroxiredoxin A, and poor activity towards the chloroplast NADP-malate   dehydrogenase.	atypical CYS  HIS rich thioredoxin 1	ACHT1
AT4G27130	locus:2136462	AT4G27130	""	2003	Chr4	13604466	13606468	A. thaliana	Translation initiation factor SUI1 family protein;(source:Araport11)	NULL	Translation initiation factor SUI1 family protein	""
AT4G29900	locus:2123924	ACA10	autoinhibited Ca(2 )-ATPase 10	8803	Chr4	14610883	14619685	A. thaliana	autoinhibited Ca(2+)-ATPase 10;(source:Araport11)	one of the type IIB calcium pump isoforms. encodes an autoinhibited Ca(2+)-ATPase that contains an N-terminal calmodulin binding autoinhibitory domain.	autoinhibited Ca(2+)-ATPase 10	ACA10, ATACA10, CIF1
AT4G30200	locus:2128946	VEL1	vernalization5/VIN3-like 1	3970	Chr4	14786532	14790501	A. thaliana	vernalization5/VIN3-like protein;(source:Araport11)	Encodes a protein with similarity to VRN5 and VIN3.Contains both a fibronectin III and PHD finger domain. VEL1 is a part of a polycomb repressive complex (PRC2) that is involved in epigenetic silencing of the FLC flowering locus.	vernalization5/VIN3-like	VEL1, VIL2
AT4G30960	locus:2126749	SIP3	SOS3-interacting protein 3	2156	Chr4	15067028	15069183	A. thaliana	SOS3-interacting protein 3;(source:Araport11)	Encodes CBL-interacting protein kinase 6 (CIPK6). Required for development and salt tolerance. The mRNA is cell-to-cell mobile.	SOS3-interacting protein 3	ATCIPK6, CIPK6, SIP3, SNRK3.14
AT4G34260	locus:2116154	FUC95A	""	4124	Chr4	16397995	16402118	A. thaliana	1,2-alpha-L-fucosidase;(source:Araport11)	NULL	1,2-alpha-L-fucosidases	AXY8, FUC95A
AT4G34350	locus:2116164	HDR	4-hydroxy-3-methylbut-2-enyl diphosphate reductase	2738	Chr4	16428407	16431144	A. thaliana	4-hydroxy-3-methylbut-2-enyl diphosphate reductase;(source:Araport11)	Arabidopsis ISPH is involved in the plastid nonmevalonate pathway of isoprenoid biosynthesis. It was shown to complement the lethal phenotype of E. coli ispH mutant and is therefore most likely encodes a protein with 4-hydroxy-3-methylbut-2-en-1-yl diphosphate reductase activity involved in the last step of mevalonate-independent isopentenyl biosynthesis. Mutant has Albino seedling.	4-hydroxy-3-methylbut-2-enyl diphosphate reductase	CLB6, HDR, ISPH
AT4G35100	locus:2131601	PIP3	plasma membrane intrinsic protein 3	2047	Chr4	16708361	16710407	A. thaliana	plasma membrane intrinsic protein 3;(source:Araport11)	a member of the plasma membrane intrinsic protein PIP. functions as aquaporin. Salt-stress-inducible MIP	plasma membrane intrinsic protein 3	PIP2;7, PIP3, PIP3A, SIMIP
AT4G35290	locus:2122128	GLUR2	glutamate receptor 2	4155	Chr4	16789531	16793685	A. thaliana	glutamate receptor 2;(source:Araport11)	Encodes a putative glutamate receptor like-protein, member of Putative ligand-gated ion channel subunit family	glutamate receptor 2	ATGLR3.2, ATGLUR2, GLR3.2, GLUR2
AT4G37470	locus:2126357	KAI2	KARRIKIN INSENSITIVE 2	1998	Chr4	17616659	17618656	A. thaliana	alpha/beta-Hydrolases superfamily protein;(source:Araport11)	HTL belonging to the alpha/beta fold hydrolase superfamily. Mutant and over-expression studies indicates its involvement in seedling de-etiolation process. Involved in the perception of karrikins. Interacts with MAX2. Important for cotyledon expansion.	alpha/beta-Hydrolases superfamily protein	KAI2
AT4G37760	locus:2137569	SQE3	squalene epoxidase 3	2960	Chr4	17743738	17746697	A. thaliana	squalene epoxidase 3;(source:Araport11)	NULL	squalene epoxidase 3	SQE3
AT4G38400	locus:2121803	EXLA2	expansin-like A2	1319	Chr4	17978422	17979740	A. thaliana	expansin-like A2;(source:Araport11)	member of EXPANSIN-LIKE. Naming convention from the Expansin Working Group (Kende et al, 2004. Plant Mol Bio)	expansin-like A2	ATEXLA2, ATEXPL2, ATHEXP BETA 2.2, EXLA2, EXPL2
AT4G38460	locus:2121149	GGR	geranylgeranyl reductase	1484	Chr4	17994739	17996222	A. thaliana	geranylgeranyl reductase;(source:Araport11)	Encodes a type II small subunit of the heteromeric geranyl(geranyl) diphosphate synthase that is localized to the chloroplast, expressed in petals and sepals and is involved in monoterpene biosynthesis. The mRNA is cell-to-cell mobile.	geranylgeranyl reductase	AtSSU, GGPPS12, GGR, SSU
AT4G38960	locus:2120277	BBX19	B-box domain protein 19	2439	Chr4	18160903	18163341	A. thaliana	B-box type zinc finger family protein;(source:Araport11)	BBX19 is a B-box containing transcriptional regulator involved in photomorphogenesis and flowering.	B-box type zinc finger family protein	BBX19
AT5G04340	locus:2179964	ZAT6	zinc finger of Arabidopsis thaliana 6	1305	Chr5	1216058	1217362	A. thaliana	6;(source:Araport11)	Encodes a C2H2 zinc finger transcription factor that coordinately activates phytochelatin-synthesis related gene expression and directly targets GSH1 by binding to its promoter to positively regulate Cd accumulation and tolerance.	zinc finger of Arabidopsis thaliana 6	AtZAT6, C2H2, CZF2, ZAT6
AT5G10770	locus:2183730	AT5G10770	""	2551	Chr5	3403021	3405571	A. thaliana	Eukaryotic aspartyl protease family protein;(source:Araport11)	NULL	Eukaryotic aspartyl protease family protein	""
AT5G15580	locus:2180857	LNG1	LONGIFOLIA1	4256	Chr5	5068237	5072492	A. thaliana	longifolia1;(source:Araport11)	Encodes LONGIFOLIA1 (LNG1). Regulates leaf morphology by promoting cell expansion in the leaf-length direction.  The LNG1 homologue LNG2 (At3g02170) has similar function.	longifolia1	AtLNG1, LNG1, TRM2
AT5G18080	locus:2172299	SAUR24	small auxin up RNA 24	626	Chr5	5983683	5984308	A. thaliana	SAUR-like auxin-responsive protein family;(source:Araport11)	Encodes SAUR24 (small auxin up RNA 24).  Note that TAIR nomenclature is based on Plant Mol Biol. 2002, 49:373-85 (PMID:12036261). In Planta (2011) 233:1223ï¿½1235 (PMID:21327815), SAUR24 is At5g18010.	SAUR-like auxin-responsive protein family 	SAUR24
AT5G18670	locus:2180029	BMY3	beta-amylase 3	2240	Chr5	6225956	6228195	A. thaliana	beta-amylase 3;(source:Araport11)	putative beta-amylase BMY3 (BMY3)	beta-amylase 3	BAM9, BMY3
AT5G19770	locus:2183259	TUA3	tubulin alpha-3	2325	Chr5	6682420	6684744	A. thaliana	tubulin alpha-3;(source:Araport11)	tubulin 3	tubulin alpha-3	TUA3
AT5G19780	locus:2183154	TUA5	tubulin alpha-5	2142	Chr5	6687030	6689171	A. thaliana	tubulin alpha-5;(source:Araport11)	Encodes an isoform of alpha tubulin. Closely related to adjacent gene TUA3 suggesting recent duplication. The mRNA is cell-to-cell mobile.	tubulin alpha-5	TUA5
AT5G19855	locus:505006621	RbcX2	homologue of cyanobacterial RbcX 2	1995	Chr5	6711943	6713937	A. thaliana	Chaperonin-like RbcX protein;(source:Araport11)	Encodes a chloroplast stromal localized RbcX protein that acts as a chaperone in the folding of Rubisco.	Chaperonin-like RbcX protein	AtRbcX2, RbcX2
AT5G20410	locus:2149274	MGD2	monogalactosyldiacylglycerol synthase 2	2321	Chr5	6896463	6898783	A. thaliana	monogalactosyldiacylglycerol synthase 2;(source:Araport11)	Encodes a type B monogalactosyldiacylglycerol (MGDG) synthase. Strongly induced by phosphate deprivation, and in non-photosynthetic tissues. Does not contribute to galactolipid synthesis under Pi-sufficient conditions but does under Pi starvation.	monogalactosyldiacylglycerol synthase 2	ATMGD2, MGD2
AT5G23440	locus:2154443	FTRA1	ferredoxin/thioredoxin reductase subunit A (variable subunit) 1	1005	Chr5	7902895	7903899	A. thaliana	ferredoxin/thioredoxin reductase subunit A (variable subunit) 1;(source:Araport11)	NULL	ferredoxin/thioredoxin reductase subunit A (variable subunit) 1	FTRA1
AT5G24470	locus:2184007	PRR5	pseudo-response regulator 5	2343	Chr5	8356204	8358546	A. thaliana	two-component response regulator-like protein;(source:Araport11)	Encodes a pseudo-response regulator whose mutation affects various circadian-associated biological events such as flowering time in the long-day photoperiod conditions, red light sensitivity of seedlings during early photomorphogenesis, and the period of free-running rhythms of certain clock-controlled genes including CCA1 and APRR1/TOC1 in constant white light. Acts as transcriptional repressor of CCA1 and LHY. Acts additively with EC, PRR7 and PRR9 to regulate hypocotyl growth under photoperiodic conditions.	pseudo-response regulator 5	APRR5, PRR5
AT5G24580	locus:2153969	AT5G24580	""	2329	Chr5	8410184	8412512	A. thaliana	Heavy metal transport/detoxification superfamily protein;(source:Araport11)	NULL	Heavy metal transport/detoxification superfamily protein 	AtHMP47, HIPP09
AT5G26751	locus:2832141	SK 11	shaggy-related kinase 11	3100	Chr5	9399377	9402476	A. thaliana	shaggy-related kinase 11;(source:Araport11)	Encodes a SHAGGY-related kinase involved in meristem organization. It regulates the redox stress response by phosphorylating glucose-6-phosphate dehydrogenase 6.Functions as a positive regulator of salt stress tolerance. Phosphorylates and enhances G6PD6 (At5g40760) activity	shaggy-related kinase 11	ASKalpha, ATSK11, SK 11
AT5G27600	locus:2143661	LACS7	long-chain acyl-CoA synthetase 7	4533	Chr5	9742492	9747024	A. thaliana	long-chain acyl-CoA synthetase 7;(source:Araport11)	Encode peroxisomal long-chain acyl-CoA synthetase. Activates fatty acids for further metabolism. Interacts with PEX5.	long-chain acyl-CoA synthetase 7	ATLACS7, LACS7
AT5G38030	locus:2144421	AT5G38030	""	4424	Chr5	15171143	15175566	A. thaliana	MATE efflux family protein;(source:Araport11)	MATE transporter involved in auxin homeostasis in roots.	MATE efflux family protein	DTX30
AT5G39865	locus:504954828	AT5G39865	""	1886	Chr5	15965301	15967186	A. thaliana	Glutaredoxin family protein;(source:Araport11)	NULL	Glutaredoxin family protein	""
AT5G41670	locus:2160422	AT5G41670	""	2717	Chr5	16664674	16667390	A. thaliana	6-phosphogluconate dehydrogenase family protein;(source:Araport11)	NULL	6-phosphogluconate dehydrogenase family protein	PGD3
AT5G43700	locus:2170862	ATAUX2-11	AUXIN INDUCIBLE 2-11	1537	Chr5	17550179	17551715	A. thaliana	AUX/IAA transcriptional regulator family protein;(source:Araport11)	Auxin inducible protein similar to transcription factors.	AUX/IAA transcriptional regulator family protein	ATAUX2-11, IAA4
AT5G47240	locus:2171544	NUDT8	nudix hydrolase homolog 8	2122	Chr5	19183523	19185644	A. thaliana	nudix hydrolase homolog 8;(source:Araport11)	NULL	nudix hydrolase homolog 8	atnudt8, NUDT8, NUDX8
AT5G48230	locus:2164778	ACAT2	acetoacetyl-CoA thiolase 2	3390	Chr5	19552142	19555531	A. thaliana	acetoacetyl-CoA thiolase 2;(source:Araport11)	Encodes an acetoacetyl-CoA thiolase that generates the bulk of the acetoacetyl-CoA precursor needed for the cytosolic localized, mevalonate-derived isoprenoids biosynthetic pathway.  Loss-of-function mutants are embryo lethal.	acetoacetyl-CoA thiolase 2	AACT2, ACAT2, EMB1276
AT5G49180	locus:2155884	AT5G49180	""	2554	Chr5	19940462	19943015	A. thaliana	Plant invertase/pectin methylesterase inhibitor superfamily;(source:Araport11)	Encodes a putative pectin methylesterase. The gene is preferentially expressed in floral buds and more specifically in mucilage secretory cells of seeds. Mutants have smaller mucilage cells and abnormal mucilage profiles.	Plant invertase/pectin methylesterase inhibitor superfamily	PME58
AT5G49630	locus:2168912	AAP6	amino acid permease 6	4261	Chr5	20142430	20146690	A. thaliana	amino acid permease 6;(source:Araport11)	Is a high affinity amino acid transporter capable of transporting aspartate and tryptophan. May be involved in the amino acid uptake from xylem.	amino acid permease 6	AAP6
AT5G50100	locus:2170041	AT5G50100	""	1644	Chr5	20371798	20373441	A. thaliana	Putative thiol-disulfide oxidoreductase DCC;(source:Araport11)	Encodes a putative thioredoxin DCC1 involved in determining shoot regeneration capacity. It interacts directly with CARBONIC ANHYDRASE 2 (CA2), an essential subunit of respiratory chain NADH dehydrogenase complex (Complex I) and regulates Complex I activity via redox modification of CA2.	Putative thiol-disulphide oxidoreductase DCC	DCC1
AT5G52510	locus:2184625	SCL8	SCARECROW-like 8	2326	Chr5	21307016	21309341	A. thaliana	SCARECROW-like 8;(source:Araport11)	NULL	SCARECROW-like 8	SCL8
AT5G54380	locus:2151349	THE1	THESEUS1	3302	Chr5	22077040	22080341	A. thaliana	protein kinase family protein;(source:Araport11)	Encodes THESEUS1 (THE1), a receptor kinase regulated by Brassinosteroids and required for cell elongation during vegetative growth.	protein kinase family protein	THE1
AT5G56170	locus:2161780	LLG1	LORELEI-LIKE-GPI-ANCHORED PROTEIN 1	1441	Chr5	22735899	22737339	A. thaliana	LORELEI-LIKE-GPI-ANCHORED PROTEIN 1;(source:Araport11)	NULL	LORELEI-LIKE-GPI-ANCHORED PROTEIN 1	LLG1
AT5G57110	locus:2175579	ACA8	autoinhibited Ca2  -ATPase, isoform 8	8249	Chr5	23109438	23117686	A. thaliana	autoinhibited Ca2+ -ATPase, isoform 8;(source:Araport11)	Arabidopsis-autoinhibited Ca2+ -ATPase, isoform 8, contains all of the characteristic motifs of Ca2+ -transporting P-type Ca2+ -ATPases and is localized to the plasma membrane.	autoinhibited Ca2+ -ATPase, isoform 8	ACA8, AT-ACA8
AT5G57660	locus:2172545	COL5	CONSTANS-like 5	1653	Chr5	23355337	23356989	A. thaliana	CONSTANS-like 5;(source:Araport11)	NULL	CONSTANS-like 5	ATCOL5, BBX6, COL5
AT5G59540	locus:2148303	AT5G59540	""	1972	Chr5	23995850	23997821	A. thaliana	2-oxoglutarate (2OG) and Fe(II)-dependent oxygenase superfamily protein;(source:Araport11)	NULL	2-oxoglutarate (2OG) and Fe(II)-dependent oxygenase superfamily protein	""
AT5G62680	locus:2172249	GTR2	GLUCOSINOLATE TRANSPORTER-2	2924	Chr5	25165137	25168060	A. thaliana	Major facilitator superfamily protein;(source:Araport11)	Encodes a high-affinity, proton-dependent glucosinolate-specific transporter that is crucial for the transport of both methionine- and tryptophan-derived glucosinolates to seeds.	Major facilitator superfamily protein	AtNPF2.11, GTR2, NPF2.11
AT5G63970	locus:2160821	RGLG3	RING DOMAIN LIGASE 3	2536	Chr5	25606771	25609306	A. thaliana	Copine (Calcium-dependent phospholipid-binding protein) family;(source:Araport11)	Encodes a ubiquitin ligase that is an essential upstream modulator of JA signaling in response to various stimuli.	Copine (Calcium-dependent phospholipid-binding protein) family	RGLG3
AT5G65980	locus:2156847	AT5G65980	""	2433	Chr5	26392336	26394768	A. thaliana	Auxin efflux carrier family protein;(source:Araport11)	NULL	Auxin efflux carrier family protein	PILS7
